,Unnamed: 0,Marketing expense,Production expense,Multiplex coverage,Budget,Movie_length,Lead_ Actor_Rating,Lead_Actress_rating,Director_rating,Producer_rating,Critic_rating,Trailer_views,3D_available,Time_taken,Twitter_hastags,Genre,Avg_age_actors,Num_multiplex,Collection
0,384,21.5956,68.82,0.6529999999999999,36007.51,105.6,7.89,7.96,7.8,8.075,8.48,504442,1,125.64,204.65599999999998,1,38,504.0,58200
1,372,21.9488,67.92,0.601,32446.755,134.9,8.305,8.36,8.19,8.39,8.16,474433,0,150.0,303.2,4,39,470.0,40000
2,17,23.351999999999997,70.76,0.607,35696.43,125.8,7.63,7.84,7.615,7.83,8.08,510893,1,135.52,263.808,1,48,593.0,47600
3,54,20.6098,74.56,0.616,38185.07,101.6,6.645,6.91,6.665,6.85,8.48,534902,0,212.48,224.99200000000002,1,23,513.0,62400
