Income,Family,CCAvg,Education,Mortgage,SecuritiesAccount,CDAccount,Online,CreditCard,Personal Loan
45,4,0.2,1,0,0,0,0,1,0
108,3,1.0,1,383,0,0,1,0,0
29,4,1.5,3,146,0,0,0,0,0
63,4,1.2,2,0,1,0,0,1,0
39,1,1.4,3,0,0,0,1,0,0
93,4,2.6,3,0,0,0,0,0,0
62,1,1.0,1,0,1,0,1,0,0
34,2,0.3,2,0,0,0,1,1,0
42,1,0.3,3,0,0,0,1,0,0
173,3,4.660447119230873,2,178,0,1,1,1,1
48,4,0.1,3,0,0,0,0,1,0
166,3,3.3083448824998696,3,58,0,1,1,1,1
189,2,7.6,1,0,0,0,1,0,0
33,4,0.4,2,0,0,0,0,0,0
149,3,3.382211883289377,2,25,1,1,0,1,1
69,3,0.7,2,80,0,0,1,0,0
33,3,1.9,2,144,0,0,0,0,0
120,1,0.0,1,0,0,0,1,0,0
140,1,4.015855997237146,2,99,0,1,0,0,1
23,2,0.1,3,91,0,1,1,1,0
85,4,0.1,2,131,0,0,0,0,0
38,2,1.0,3,164,0,0,1,0,0
63,4,1.2,2,0,0,0,1,0,0
182,2,3.5170807456539097,2,194,0,1,1,0,1
145,1,6.095614391105468,2,9,0,1,0,1,1
156,4,3.9904006542459367,3,148,0,1,0,0,1
132,3,5.9,2,307,0,0,0,0,1
12,3,0.4,1,0,0,0,0,0,0
28,3,0.9,1,0,0,0,0,0,0
148,2,4.325514146639801,3,68,0,1,0,1,1
121,1,1.5,1,0,0,0,1,0,0
132,3,4.652979903420495,2,40,1,1,0,0,1
190,4,0.3,3,305,0,0,0,0,1
84,2,2.8,1,0,0,0,1,0,0
30,3,0.7,2,0,0,0,1,0,0
51,3,1.0,2,0,0,0,1,0,0
151,2,5.967264848910828,3,33,0,1,1,0,1
62,2,2.2,3,0,0,0,1,0,0
148,1,1.0,1,0,0,0,0,0,0
148,2,4.3,3,0,0,0,1,0,1
38,2,0.7,1,0,0,0,0,0,0
91,3,1.6,1,126,0,0,1,1,0
144,1,4.957363112614421,2,311,0,1,0,0,1
59,3,3.0,2,0,0,0,1,0,0
59,1,0.0,2,0,1,0,0,0,0
175,3,4.7229089102468444,2,192,0,1,1,0,1
135,3,5.593186902198841,2,385,0,1,0,0,1
125,1,2.4,1,0,0,0,0,1,0
164,2,7.6,1,0,0,1,1,1,0
63,4,1.6,2,0,0,0,0,0,0
13,4,1.0,1,95,1,0,1,0,0
88,2,1.8,2,319,0,0,1,1,0
42,4,1.3,3,0,1,0,0,0,0
178,2,3.9458926288507863,2,117,0,1,1,0,1
149,3,8.41049130292448,3,323,0,1,1,1,1
32,4,0.6,1,77,0,0,0,1,0
40,4,0.8,1,0,0,0,1,0,0
149,1,6.0,1,0,0,0,0,0,0
161,3,5.993646770569477,2,212,0,1,1,0,1
91,2,2.0,1,0,0,0,1,0,0
41,4,1.7,2,0,0,0,1,0,0
148,3,6.142595101387714,2,4,0,1,1,0,1
33,1,1.8,2,78,0,0,1,0,0
125,1,7.3,1,0,0,0,0,0,0
112,4,2.1,3,0,0,0,0,1,0
14,2,0.7,3,0,1,0,1,0,0
159,2,5.267910479373928,2,51,0,1,1,1,1
42,1,1.2,2,0,0,0,0,0,0
109,4,1.8,1,0,0,0,0,0,1
147,3,3.8208595941540566,3,153,0,1,1,0,1
61,3,0.5,3,0,0,0,1,0,0
101,3,4.4,2,82,0,0,0,0,1
54,4,0.2,1,141,1,0,0,0,0
132,4,3.86281450061242,2,59,0,1,0,0,1
155,3,2.9962055103505083,3,18,0,1,0,1,1
140,2,5.070209495170117,3,57,0,1,1,1,1
198,2,2.8,1,0,0,0,1,1,0
34,2,1.3,1,116,0,0,0,0,0
53,3,2.2,1,0,0,0,0,1,0
153,1,1.3,1,455,0,0,0,0,0
187,2,4.5401417891405895,2,156,0,1,0,0,1
31,4,1.5,3,0,0,0,1,0,0
83,1,3.8,1,97,0,0,0,0,1
129,4,4.2,3,0,0,0,0,0,1
74,1,3.6,2,0,0,0,1,1,0
159,1,4.295980522948193,2,179,0,1,1,0,1
202,2,5.555881126401531,2,53,0,1,1,0,1
137,3,3.87300102235855,2,82,0,1,0,0,1
68,1,1.5,2,0,0,0,0,0,0
150,4,3.8825539545136953,1,488,1,1,1,1,1
176,3,5.6079590327877415,2,384,0,1,0,1,1
20,1,1.3,1,0,0,0,1,0,0
125,2,3.9,1,0,0,0,0,0,0
31,1,1.0,3,0,0,0,0,0,0
164,2,7.8,1,0,0,0,1,1,0
179,4,2.1,2,0,0,0,0,0,1
90,1,1.9,2,0,0,0,1,0,0
59,3,0.8,1,159,1,0,1,0,0
184,2,4.359196426778718,2,27,0,1,0,0,1
94,3,0.8,1,236,0,0,1,0,0
153,2,6.801866928686154,3,25,0,1,1,0,1
155,1,4.5900144853957645,2,196,0,1,0,1,1
43,3,1.5,1,168,0,0,0,1,0
23,1,0.3,1,0,0,0,0,0,0
191,2,6.076789689411823,2,120,0,1,0,0,1
45,2,1.7,2,0,0,0,0,1,0
8,3,0.1,2,83,0,0,1,0,0
92,1,1.9,2,100,0,0,0,1,0
175,4,3.669446451775882,3,35,0,1,0,1,1
139,3,4.3493203097768935,2,25,0,1,0,0,1
90,2,0.3,1,0,0,0,1,1,0
134,3,7.094851721459969,2,83,0,1,0,1,1
25,2,0.1,2,91,1,0,0,0,0
118,1,4.7,1,159,0,0,0,1,0
166,3,5.246659591990807,2,141,0,1,1,1,1
200,2,8.547197489606102,3,114,0,1,1,0,1
137,2,7.450307725127487,2,115,0,1,1,1,1
41,2,1.0,3,154,1,0,1,0,0
134,4,3.4722195152551634,2,133,0,1,1,0,1
199,1,6.33,1,0,0,0,0,0,0
64,4,2.6,3,0,0,0,1,0,0
39,2,0.8,3,0,0,0,0,0,0
141,2,3.1607603563752065,2,103,0,1,0,0,1
54,3,2.1,1,0,0,0,1,0,0
148,2,3.9102527925798536,2,38,0,1,0,0,1
120,2,6.1,1,196,0,0,1,0,0
21,1,0.3,3,117,0,0,0,0,0
44,4,0.9,2,194,0,0,1,0,0
50,4,2.1,3,209,0,0,1,0,0
181,4,3.10570038956456,2,240,0,1,0,0,1
166,2,6.198631352438607,2,130,0,1,1,1,1
102,4,3.0,2,115,0,0,1,0,1
154,2,5.169206170899017,3,236,0,1,1,0,1
154,2,2.8,1,94,0,0,0,0,0
169,2,3.388606527864237,2,252,0,1,0,1,1
28,4,0.4,2,100,0,0,1,0,0
165,2,4.308424277910759,3,121,0,1,1,1,1
74,4,0.1,2,257,0,0,0,1,0
144,4,3.760195210858305,3,65,0,1,1,1,1
22,2,1.0,1,0,1,1,1,1,0
63,2,1.7,3,184,1,0,1,0,0
166,4,3.4132393072274105,2,162,1,1,1,0,1
94,1,1.5,3,0,0,0,0,1,0
123,3,4.9300793478307945,2,62,0,1,0,0,1
142,1,5.2102132626276525,2,112,1,1,1,0,1
173,1,6.4609215370301785,2,180,0,1,0,0,1
130,2,6.7,1,0,0,0,0,1,0
173,1,4.6,2,88,0,1,1,0,1
45,2,0.6,3,0,0,0,0,0,0
155,4,7.123678228432088,2,267,0,1,1,0,1
122,2,3.163171818290498,2,453,1,1,1,0,1
38,2,1.7,2,0,0,0,1,0,0
188,3,4.0551234416610376,3,54,1,1,1,0,1
43,2,0.3,1,0,0,0,1,0,0
185,3,4.388693810557881,2,36,0,1,1,0,1
61,3,2.0,1,0,0,0,0,1,0
21,3,1.0,1,0,0,0,1,0,0
75,4,3.6,3,0,0,0,1,1,0
79,2,1.5,3,0,0,0,1,1,0
142,2,4.005523421917856,2,199,1,1,1,0,1
202,3,7.590009636015583,2,360,0,1,1,0,1
104,2,3.6,3,0,0,0,0,1,1
153,1,3.4703398390751965,2,5,0,1,1,1,1
70,2,1.5,2,0,0,0,0,0,0
152,3,3.804555505171424,2,80,0,1,1,1,1
85,4,4.9,1,0,0,0,1,0,0
149,2,4.537029166445548,2,169,0,1,1,0,1
29,3,2.0,3,151,1,0,0,0,0
192,4,3.7489866127768834,3,33,1,1,1,1,1
85,3,1.2,3,107,0,0,1,1,0
18,4,0.2,1,0,0,0,1,1,0
50,1,1.8,3,0,0,0,1,0,0
65,1,1.2,1,268,0,0,1,0,0
65,4,2.0,3,0,0,0,1,0,0
112,3,2.5,1,0,0,0,1,0,0
138,1,3.5,1,0,0,0,1,0,0
113,2,3.3,1,0,0,0,0,1,0
145,2,6.8,1,0,0,0,1,0,0
207,4,3.284872719696886,2,281,0,1,0,0,1
140,1,3.4899195024292284,3,170,0,1,1,0,1
70,4,0.0,1,0,0,0,1,1,0
63,4,2.0,2,0,1,0,1,0,0
169,3,4.100567797065279,2,158,0,1,0,0,1
50,3,0.5,3,0,0,0,0,0,0
167,2,6.22140960823813,3,149,0,1,1,1,1
52,2,2.4,2,147,0,0,0,0,0
8,2,0.1,3,0,0,0,0,1,0
43,4,0.4,1,0,0,0,0,1,0
49,1,1.5,1,0,0,0,0,0,0
110,3,1.8,2,0,0,0,1,0,0
38,3,0.5,2,0,0,0,1,1,0
11,4,0.2,1,0,1,0,0,0,0
102,3,1.7,2,0,0,0,1,0,0
83,3,0.8,1,0,0,0,1,0,0
61,2,0.4,3,0,0,0,0,0,0
142,3,6.8341694565617725,2,219,1,1,1,1,1
154,3,6.448817717790289,2,165,0,1,1,0,1
148,2,4.4002877637274125,3,5,0,1,0,0,1
183,2,3.687708672510892,2,66,0,1,1,0,1
174,4,2.734703654423691,2,324,1,1,0,0,1
142,2,3.9,1,0,0,0,0,1,0
70,1,2.8,2,0,0,0,1,1,0
45,1,1.8,1,0,0,0,0,0,0
81,2,2.8,1,0,0,0,1,0,0
82,2,1.8,2,0,1,0,0,1,0
171,4,3.0883752834440803,2,263,0,1,0,0,1
164,4,7.4,3,0,0,0,1,0,1
55,3,2.3,1,0,1,1,1,1,0
168,3,8.03055313969125,2,16,0,1,1,0,1
138,2,3.3,1,0,0,0,0,1,0
60,4,2.6,3,0,0,0,0,0,0
128,4,7.285387683504584,2,3,0,1,0,1,1
50,2,2.1,3,0,0,0,1,0,0
58,3,1.5,1,131,0,0,0,0,0
15,1,1.0,1,0,0,0,1,0,0
178,1,2.9,1,0,0,0,1,0,0
35,3,0.9,3,136,0,0,1,0,0
20,1,0.5,3,102,0,0,1,0,0
176,3,3.957461499857202,3,93,0,1,1,0,1
211,3,3.975726446623305,2,82,0,1,1,0,1
24,2,0.2,3,140,0,0,1,0,0
184,3,6.343585454233938,3,76,1,1,0,1,1
93,4,4.1,2,0,0,0,0,1,1
42,1,1.6,2,0,0,0,1,0,0
141,3,6.17630553293423,2,47,0,1,1,0,1
131,3,5.223525823316707,2,225,0,1,0,1,1
43,3,0.5,3,0,0,0,1,0,0
78,4,2.0,2,119,1,0,1,0,0
164,4,6.323824737760897,3,115,1,1,0,1,1
21,4,1.0,1,0,0,0,0,0,0
64,2,1.5,1,0,0,0,0,1,0
140,1,3.5,1,342,0,0,0,0,0
146,2,6.8102183036728166,2,24,0,1,1,0,1
49,3,2.5,2,0,0,0,1,1,0
85,3,1.6,1,157,0,0,1,1,0
112,2,2.2,1,394,0,0,0,0,0
22,1,1.3,1,80,0,0,0,0,0
168,2,8.0,1,152,1,0,0,0,0
138,3,4.1212607245055715,2,162,1,1,0,0,1
30,4,1.0,1,163,0,0,1,0,0
123,1,3.8,1,0,0,0,1,1,0
61,3,0.9,2,0,0,0,0,0,0
162,3,4.181470821238936,2,80,1,1,1,0,1
39,2,0.3,1,0,0,0,1,0,0
113,2,0.2,1,0,0,0,1,1,0
211,3,5.1437096209796795,2,14,0,1,1,0,1
134,3,3.9,3,121,0,0,1,0,1
63,2,3.2,1,0,0,0,0,0,0
25,2,0.3,1,0,1,0,1,0,0
119,1,2.9,1,0,1,0,1,0,0
184,3,7.5,1,0,0,0,0,0,1
138,1,2.5,1,0,0,0,1,0,0
130,3,6.3,2,99,0,0,0,1,1
32,4,0.1,3,0,1,0,0,0,0
13,3,0.9,3,0,0,0,1,0,0
61,4,0.9,1,177,0,0,0,0,0
173,3,3.1,3,0,0,0,1,0,1
69,4,2.2,2,0,0,0,0,1,0
92,1,0.2,2,0,0,0,0,0,0
82,4,2.67,1,0,0,0,0,0,0
65,1,0.0,1,0,0,0,1,1,0
89,3,3.9,2,216,1,1,1,0,1
68,4,0.7,1,191,0,0,1,1,0
172,4,4.793164028734621,2,91,0,1,1,0,1
90,2,1.3,1,0,1,0,1,0,0
82,4,0.4,1,0,0,0,0,0,0
129,4,5.4913309991113906,2,41,0,1,1,0,1
94,3,0.5,3,0,0,0,0,0,0
38,3,1.0,2,150,0,0,1,0,0
142,3,1.789610760130215,3,495,0,1,1,1,1
43,1,2.1,3,0,0,0,0,1,0
134,1,6.8088180100440505,2,227,1,1,1,0,1
73,2,0.7,2,0,0,0,1,1,0
128,2,3.833122441035924,3,23,0,1,1,0,1
41,3,2.0,1,0,0,0,1,0,0
191,1,6.33,1,0,0,0,1,0,0
29,1,0.5,3,0,0,0,1,0,0
175,4,3.500907935402321,2,97,0,1,1,0,1
103,1,3.33,1,0,1,1,1,1,1
42,1,1.5,1,0,0,0,1,1,0
78,2,3.8,3,268,0,0,0,0,0
147,1,5.258731818575543,2,61,0,1,1,0,1
121,1,4.665899605669297,3,322,0,1,0,0,1
78,2,2.0,1,0,0,0,1,1,0
170,2,4.144630446246103,2,81,0,1,1,1,1
91,2,2.8,1,0,0,0,1,0,0
95,2,1.6,1,0,0,0,0,0,0
204,2,6.442630288106867,2,24,0,1,0,1,1
145,4,6.9,1,380,0,0,0,1,1
19,4,0.7,1,0,0,0,0,0,0
132,2,3.7667261478569514,3,184,0,1,1,0,1
112,1,2.4,1,0,1,1,1,1,0
112,3,2.5,1,389,1,0,1,0,0
149,2,5.395386076172127,2,119,0,1,1,0,1
38,4,2.0,2,0,1,0,0,0,0
83,4,2.2,2,106,0,0,1,0,0
199,1,3.6302472969353614,2,80,0,1,1,1,1
140,1,3.3735325155553437,2,110,0,1,1,0,1
156,3,6.278672006030487,2,38,0,1,0,0,1
18,3,0.1,2,110,0,0,1,0,0
45,4,0.0,2,0,0,0,1,1,0
128,3,3.1735292753947792,3,292,0,1,1,1,1
184,3,3.843511975296991,3,181,0,1,0,0,1
65,2,2.8,1,0,0,0,1,1,0
30,1,0.5,3,0,0,0,1,0,0
39,2,2.1,3,119,0,0,0,0,0
78,1,5.2,1,0,0,0,1,0,0
42,3,0.1,3,149,0,0,0,1,0
166,3,3.1564776120987212,3,47,0,1,1,0,1
111,4,2.3,3,0,0,0,1,0,0
40,2,1.0,2,0,0,0,1,0,0
55,1,0.2,1,0,0,0,1,0,0
177,2,4.459454952517431,2,175,0,1,0,0,1
28,1,0.6,3,0,0,0,0,1,0
121,1,4.3,1,0,1,0,0,0,0
78,2,2.4,2,205,0,0,0,1,0
150,3,8.044760767168986,2,54,0,1,0,0,1
179,3,4.31489484485509,2,21,0,1,1,0,1
39,4,0.6,2,0,0,0,0,1,0
49,3,0.7,2,196,0,0,0,1,0
130,2,5.290385072294066,3,211,0,1,0,1,1
186,3,4.540451670843766,3,17,0,1,0,0,1
144,4,5.4,1,210,0,0,1,0,1
150,2,4.928450757654263,3,7,0,1,0,0,1
49,1,1.8,1,0,0,0,0,1,0
184,2,5.1,2,0,0,0,0,0,1
63,3,2.2,3,0,0,0,0,0,0
68,1,2.67,2,0,0,0,1,1,0
81,1,1.3,3,293,0,0,0,1,0
110,4,1.8,3,190,0,0,1,0,0
74,4,1.3,1,0,0,0,1,0,0
93,2,3.1,2,0,0,0,1,0,1
124,2,3.9,1,0,1,0,0,1,0
154,3,6.359169227357008,3,195,0,1,0,0,1
170,1,3.3268708407106007,3,102,0,1,0,0,1
164,1,6.0,3,0,0,0,1,0,1
137,3,3.153244604672365,2,42,1,1,1,1,1
53,4,2.8,2,0,1,0,0,0,0
122,1,1.3,1,0,0,0,0,0,0
164,1,5.0,1,0,0,0,0,1,0
78,4,4.9,1,0,0,0,0,0,0
125,3,3.6521307047942777,1,388,1,1,1,1,1
138,2,4.526131164022602,3,93,0,1,1,0,1
190,3,5.676125795357323,2,39,1,1,1,1,1
21,3,0.1,2,0,0,0,0,0,0
139,2,8.0,1,0,0,0,1,0,0
42,1,2.1,3,0,0,0,1,0,0
169,3,4.4193602073287925,3,252,0,1,0,0,1
133,3,4.151544127004295,2,120,0,1,0,0,1
32,2,2.0,2,0,0,0,0,1,0
72,3,2.0,2,0,0,0,0,0,0
53,4,2.2,1,114,0,0,1,0,0
169,3,4.794410596520785,3,32,0,1,0,0,1
42,1,0.8,2,0,0,0,1,0,0
171,2,2.2,2,569,0,0,1,0,1
154,3,0.3481700945308681,3,524,0,1,0,0,1
161,2,6.216317295098307,2,197,0,1,1,0,1
140,3,6.053215271323164,2,8,0,1,0,0,1
125,4,4.945299278651416,2,166,0,1,1,0,1
171,1,5.839611084368153,3,305,0,1,0,0,1
55,1,2.5,3,0,0,0,1,0,0
133,2,4.56213177060024,2,240,0,1,1,1,1
167,2,5.822751017825782,2,144,0,1,0,0,1
105,1,4.7,1,0,0,0,0,1,0
160,2,3.827735783102308,2,172,0,1,1,0,1
32,2,0.3,2,130,0,0,1,0,0
156,4,4.114260125336405,3,276,0,1,1,0,1
172,1,5.5433535821408615,2,390,0,1,0,0,1
72,3,0.3,3,0,0,0,1,0,0
128,2,4.33,1,0,0,1,1,1,0
54,1,0.8,1,0,1,0,0,1,0
18,2,0.3,3,0,1,1,1,1,0
165,2,3.799626050928175,3,347,0,1,1,1,1
110,3,4.4,1,264,0,0,1,0,0
187,4,3.7668142403859233,3,146,0,1,0,1,1
45,3,2.8,1,153,0,0,1,1,0
73,4,0.7,1,241,0,0,0,0,0
32,3,1.0,2,0,0,0,0,0,0
54,2,0.7,1,0,0,0,0,0,0
48,1,1.2,1,0,0,0,1,0,0
32,3,1.4,1,0,1,1,1,1,0
34,3,1.0,2,0,1,0,1,0,0
81,1,3.6,2,0,0,0,1,1,0
49,1,2.8,1,0,0,0,1,0,0
50,2,1.1,1,0,0,0,0,1,0
73,1,2.6,2,133,0,0,1,0,0
114,2,0.2,1,0,0,0,1,0,0
142,2,3.9,1,193,0,0,1,1,0
149,3,5.214662681448232,2,134,0,1,0,0,1
88,4,1.1,2,0,0,0,1,0,0
133,4,3.458165564997325,3,173,0,1,1,1,1
71,2,3.2,1,0,0,0,1,1,0
91,2,1.6,1,0,1,0,0,1,0
79,3,0.8,1,183,0,0,0,0,0
65,3,0.7,2,263,0,0,1,1,0
19,1,0.9,3,0,0,0,0,0,0
156,2,2.964911826175816,2,219,0,1,0,0,1
163,1,7.4,1,0,0,0,1,0,0
136,2,3.187955159191042,2,309,0,1,1,0,1
131,3,7.458339715425764,2,238,0,1,0,0,1
64,1,1.5,3,0,0,0,1,0,0
43,1,0.7,1,136,0,0,0,0,0
161,4,3.3247251283411035,3,206,0,1,1,0,1
157,2,6.456594263811387,2,134,0,1,1,0,1
70,1,0.3,1,217,0,0,0,0,0
65,4,2.0,3,0,0,0,1,0,0
68,1,0.2,2,163,0,0,0,0,0
71,3,2.33,2,0,0,0,0,0,0
28,4,1.0,3,0,0,0,0,0,0
154,2,4.5,1,207,0,0,1,0,0
105,1,0.8,3,0,1,1,1,1,0
63,2,1.0,3,82,0,0,1,0,0
180,3,6.403170675165397,2,340,0,0,1,1,1
139,3,3.3638902830649466,2,183,0,1,0,0,1
154,2,6.9,1,0,0,0,0,0,0
32,4,0.6,1,156,0,0,1,1,0
186,3,4.031622496925152,2,436,0,0,1,0,1
138,2,3.2915246557986118,3,116,0,1,1,0,1
81,3,4.4,1,0,0,0,0,1,0
170,2,6.7,1,137,0,0,1,0,0
188,3,3.1704405618947296,2,331,0,1,1,0,1
75,1,1.5,2,0,0,0,0,1,0
85,4,0.2,3,229,0,0,0,0,0
74,4,0.7,1,0,0,0,1,1,0
146,4,4.339486953403489,2,338,0,1,0,0,1
20,1,1.4,3,0,0,0,0,0,0
138,3,6.9,2,0,0,0,1,0,1
164,1,7.4423744943146755,2,221,0,1,1,0,1
55,2,1.1,1,0,0,0,0,0,0
153,3,5.223672440293956,2,88,0,1,1,1,1
25,2,1.0,1,0,0,0,1,0,0
58,3,2.0,3,0,0,0,1,0,0
32,2,0.8,3,0,0,0,1,0,0
72,3,2.6,2,0,0,0,1,0,0
104,1,4.6,1,0,0,0,1,1,0
172,4,3.1,1,282,0,1,1,1,1
49,2,1.7,1,106,0,0,0,1,0
65,2,1.5,2,0,0,0,1,0,0
149,2,5.435453027188972,2,21,0,1,0,0,1
123,3,7.553804326305682,3,182,0,1,0,1,1
154,1,7.953278124772952,2,133,0,1,1,0,1
95,3,0.5,1,0,0,0,0,0,0
92,3,0.5,1,310,0,0,1,0,0
30,3,0.7,2,0,0,0,1,1,0
20,3,0.1,2,0,0,0,0,0,0
149,4,7.2,2,0,0,1,1,1,1
174,3,5.269787260058601,3,155,0,1,0,0,1
69,1,2.8,1,220,0,0,1,1,0
143,4,8.76706974499103,2,96,0,1,0,0,1
154,2,6.640344674488658,2,80,0,1,0,0,1
71,4,1.9,1,0,0,0,1,0,0
31,4,1.5,3,0,0,0,1,0,0
176,2,4.476448163125474,3,1,0,1,1,0,1
44,3,0.9,3,0,0,0,0,0,0
45,4,2.0,3,132,1,0,0,0,0
178,3,5.957141332595572,3,168,0,1,1,0,1
29,1,0.6,3,0,0,0,1,0,0
35,3,1.4,1,0,0,0,0,0,0
39,1,1.5,1,0,0,0,1,0,0
80,2,1.6,3,238,0,0,0,0,0
29,1,1.5,2,159,0,0,0,1,0
139,4,4.0956579030947085,3,170,1,1,0,0,1
53,3,0.5,3,0,1,1,1,1,0
45,2,2.0,2,121,0,0,0,1,0
34,1,0.7,1,143,0,0,0,0,0
23,3,0.5,1,0,1,0,0,0,0
43,3,1.1,2,0,0,0,0,0,0
164,4,5.574932273324581,3,420,0,1,1,1,1
48,2,1.9,2,0,0,0,1,0,0
171,2,3.3,1,0,0,0,1,0,0
21,1,0.4,2,0,0,0,1,0,0
30,3,1.0,1,0,0,0,1,0,0
144,1,4.7500516646397175,2,276,0,1,1,0,1
152,1,7.4,3,374,0,1,1,1,1
60,2,2.2,3,115,0,0,0,0,0
166,3,6.0474208153563795,2,27,0,1,0,0,1
129,3,5.9,3,319,1,1,0,1,1
82,3,1.5,1,103,0,0,1,0,0
134,2,5.429304081127381,3,135,0,1,1,1,1
143,1,6.390802571460721,3,250,0,1,1,0,1
32,1,1.9,2,100,0,0,0,0,0
129,2,4.440505539350034,2,304,0,1,0,0,1
25,2,0.3,1,75,0,0,1,0,0
123,3,5.104453916474545,3,16,0,1,1,0,1
141,1,5.549708606409142,2,181,0,1,1,0,1
19,4,0.2,3,0,0,0,1,0,0
55,1,0.2,1,0,0,0,0,0,0
184,2,3.7295542285301813,3,131,0,1,1,0,1
42,4,0.1,3,0,0,0,0,0,0
154,2,4.75824372352633,2,175,0,1,0,0,1
127,3,5.716416408465898,2,169,1,1,1,0,1
45,4,1.2,2,138,0,0,1,0,0
28,1,1.5,3,124,1,0,1,0,0
138,4,5.312946806214775,2,194,0,1,1,1,1
128,3,4.652722513297586,2,184,0,1,1,0,1
186,2,5.390002035448344,3,13,0,1,1,1,1
90,1,2.7,2,0,0,0,1,1,0
100,4,1.7,3,0,0,0,0,1,0
194,4,4.718531981410801,2,376,0,1,1,0,1
44,1,1.9,2,0,0,0,0,1,0
122,3,4.08151890225217,3,328,0,1,0,0,1
143,4,4.055534380083343,2,123,0,1,0,1,1
41,3,0.9,3,0,0,0,1,1,0
64,3,2.5,1,0,0,0,1,0,0
145,1,1.7,1,132,0,0,1,1,0
102,1,1.9,1,0,0,0,0,0,0
30,2,0.3,1,146,0,0,0,0,0
171,3,6.0,2,0,0,0,1,0,1
74,3,0.9,2,155,0,0,1,0,0
137,4,3.2978540636119567,2,12,0,1,1,1,1
31,4,0.4,1,0,0,0,0,0,0
155,1,4.548889104999769,2,387,0,1,1,1,1
109,4,1.8,3,0,0,0,0,0,0
24,2,0.3,3,0,0,0,0,0,0
28,1,0.3,3,0,0,0,1,0,0
203,2,5.390600721577643,3,73,0,1,0,1,1
54,4,0.1,3,0,0,0,0,1,0
24,4,0.2,1,0,1,0,0,0,0
159,2,3.322122102952879,2,59,0,1,0,0,1
145,2,6.0,3,0,0,0,1,0,1
151,3,9.20923292660452,3,122,0,1,0,1,1
90,2,0.8,3,0,0,0,0,0,0
68,4,1.8,3,0,0,0,0,0,0
94,1,0.0,1,174,0,0,1,0,0
201,4,5.665990861185743,2,174,0,1,0,0,1
125,1,1.0,3,0,0,0,1,0,1
38,3,0.6,2,148,0,0,1,0,0
133,2,3.9299378695839535,3,95,0,1,1,0,1
170,2,9.212162301539633,3,38,0,1,1,0,1
137,2,3.2356308792909254,2,162,0,1,0,0,1
150,1,9.63702931376965,2,174,0,1,0,0,1
70,1,1.4,3,0,0,0,0,0,0
81,1,2.9,3,0,0,0,0,0,0
121,4,5.720903699652065,2,348,0,1,0,0,1
88,2,1.6,1,0,0,0,0,1,0
84,4,2.0,3,0,0,0,1,0,0
142,3,5.356321724868812,3,286,0,1,1,0,1
146,1,3.1562326917030283,2,145,0,1,0,0,1
123,3,5.9,1,0,0,1,1,1,1
131,3,0.3,3,0,0,1,1,1,1
172,4,6.103956414585609,3,165,1,1,0,0,1
128,2,4.519762067538923,2,159,0,1,0,0,1
146,2,8.179688741046084,3,30,0,1,1,0,1
131,1,2.9,1,0,0,0,1,0,0
21,2,1.0,2,0,0,0,0,0,0
129,3,4.76143012317028,2,107,0,1,0,1,1
121,1,0.7,2,0,0,1,1,1,1
114,4,6.421163198344008,3,456,0,1,0,0,1
143,4,4.558162899704465,2,82,0,1,1,1,1
146,4,3.443855826115213,2,31,1,1,1,0,1
32,2,0.3,1,0,0,0,1,1,0
128,3,5.169435749009702,2,230,0,1,1,1,1
130,2,4.7,3,221,0,0,0,1,1
54,3,0.3,2,0,0,0,1,1,0
113,2,0.4,1,325,1,0,0,0,0
38,4,1.7,2,0,0,0,1,0,0
95,2,1.7,2,0,0,0,0,1,0
142,4,0.8,3,0,0,0,0,0,1
148,2,6.8,1,0,0,0,1,0,0
123,4,5.526016054286572,3,63,0,1,1,1,1
167,2,6.000255386188048,2,103,0,1,1,1,1
81,2,0.0,3,0,0,0,1,0,0
82,2,1.8,2,0,0,0,1,1,0
75,2,3.7,1,236,0,0,1,0,0
42,4,1.5,1,0,0,0,1,1,0
196,4,4.067013767989355,3,289,0,1,1,1,1
74,2,1.8,2,221,1,0,0,0,0
41,1,1.8,1,94,0,0,1,0,0
31,4,1.1,3,0,0,0,1,1,0
201,2,8.019231958503376,3,49,0,1,0,0,1
149,2,6.048585911909751,2,3,0,1,1,0,1
140,2,2.7,1,0,0,0,1,0,0
81,1,4.0,3,206,1,0,1,0,0
29,3,1.0,1,0,0,0,1,1,0
71,2,1.7,1,145,0,0,0,1,0
134,2,4.993383988587885,3,197,0,1,0,0,1
22,2,0.2,3,0,1,0,0,0,0
115,1,4.0,1,0,0,0,0,0,0
201,1,10.0,2,0,0,0,0,1,1
10,2,0.4,1,0,0,0,0,0,0
65,1,3.0,1,227,0,0,1,0,1
55,3,2.0,2,93,0,0,1,0,0
170,2,4.433895669892196,2,17,0,1,1,1,1
41,1,1.0,1,0,0,0,1,0,0
143,1,1.7,1,0,1,0,1,0,0
51,1,1.6,3,0,1,0,0,1,0
94,3,0.5,1,0,0,0,0,1,0
133,1,3.4283310314113833,2,85,0,1,0,0,1
152,4,4.0060123035728905,2,171,0,1,1,0,1
44,2,2.3,3,0,0,0,1,0,0
44,2,0.6,3,0,0,0,1,1,0
38,4,1.0,3,154,0,0,1,0,0
59,4,0.2,3,0,1,0,0,1,0
124,3,8.043644185056515,3,14,0,1,1,1,1
82,2,2.5,1,221,0,0,1,1,0
119,3,4.19005444952905,3,211,1,1,0,0,1
43,1,1.6,2,0,0,0,1,1,0
25,4,1.0,1,0,0,0,1,1,0
170,3,7.9,3,99,0,1,1,0,1
185,2,3.538901002956442,3,363,0,1,1,0,1
51,3,2.0,1,214,0,0,1,0,0
156,3,6.314707868628675,2,202,0,1,1,0,1
136,3,4.806861509548826,2,11,0,1,1,0,1
85,4,1.9,3,0,0,0,1,1,0
151,3,7.308984322374745,3,218,0,1,1,0,1
133,2,2.6,3,0,0,0,0,0,1
162,4,4.54135387045166,2,11,0,1,0,0,1
48,3,0.3,3,0,0,0,0,1,0
164,2,6.902527217378648,2,13,0,1,1,1,1
177,3,7.657706004516207,2,344,1,0,1,1,1
89,3,0.1,1,292,0,0,1,0,0
183,3,3.5601922896931,2,69,0,1,0,0,1
185,2,5.626305777731127,2,106,0,1,0,0,1
130,2,4.613249202644656,2,62,0,1,1,1,1
170,2,4.568354116369443,3,217,0,1,1,0,1
141,2,6.9,1,0,1,0,1,0,0
137,4,5.315766982220138,2,44,0,1,1,0,1
60,3,1.7,1,0,1,1,1,1,0
51,4,1.8,3,0,0,0,0,1,0
123,2,2.2,1,92,0,0,0,1,0
120,2,5.7954463022978775,3,428,0,1,0,0,1
44,1,1.8,2,192,0,0,1,0,0
145,2,6.8,1,0,1,0,0,0,0
155,1,7.0,1,0,0,0,0,1,0
28,1,1.3,1,138,0,0,0,1,0
169,2,4.767669878701769,2,452,0,1,0,1,1
184,3,8.0,1,0,0,0,1,0,1
44,4,0.6,2,0,0,0,1,1,0
24,1,0.3,3,0,1,0,1,0,0
45,4,2.1,1,0,0,0,1,1,0
136,2,5.397265431512335,3,1,0,1,1,1,1
124,4,6.362207905894957,3,69,0,1,1,0,1
82,1,0.8,3,312,0,0,1,0,0
194,2,5.172541124750375,2,322,0,1,1,0,1
44,1,0.3,3,0,1,1,1,1,0
12,2,0.3,2,104,1,0,1,0,0
183,2,8.8,3,582,0,0,1,0,1
34,4,1.7,1,87,0,0,1,1,0
70,4,1.4,2,0,0,0,1,0,0
182,3,6.924043064810693,1,369,0,1,1,0,1
192,2,1.8,3,301,0,1,1,1,1
143,4,3.0151182352458865,2,41,1,1,1,1,1
9,3,0.3,3,0,0,0,0,1,0
58,1,2.8,2,0,0,0,0,1,0
154,3,7.394252014201001,3,323,0,1,1,1,1
51,3,1.0,2,113,1,1,1,1,0
157,3,6.060269622505907,2,22,0,1,0,0,1
55,4,1.67,3,0,0,0,0,1,0
29,1,0.3,3,0,0,0,1,0,0
43,4,1.2,2,0,1,0,1,0,0
191,2,5.3104338964301565,2,158,0,1,1,1,1
142,2,2.7,1,0,0,0,0,0,0
65,4,2.8,2,0,0,0,1,0,0
185,3,2.0,2,0,0,0,0,0,1
101,1,1.9,1,0,0,0,0,0,0
167,4,5.419532823863757,3,423,0,1,0,0,1
135,2,6.4703946868945135,2,196,0,1,0,0,1
145,2,4.9823420470164255,3,118,0,1,1,1,1
137,4,4.75929967160193,2,241,0,1,0,0,1
133,2,6.723769562278485,2,118,1,1,0,1,1
177,3,3.9423462948266814,2,1,0,1,1,0,1
80,2,1.8,1,0,0,0,1,0,0
129,2,1.9,1,0,0,0,0,0,0
142,3,3.6414159091553295,2,352,0,1,0,1,1
60,4,2.1,1,234,0,0,1,1,0
192,2,6.4,3,0,0,0,0,0,1
58,4,1.3,3,0,0,0,0,0,0
23,4,0.2,1,0,0,0,0,1,0
55,4,0.9,1,215,0,0,1,1,0
157,3,7.139608878370082,3,240,1,1,1,0,1
151,3,4.9681191073179285,3,187,0,1,1,0,1
73,3,2.4,1,0,0,0,1,0,0
82,4,3.8,2,0,0,0,1,0,0
14,1,1.0,1,0,0,0,0,0,0
24,4,0.3,1,0,0,0,1,0,0
23,1,0.67,3,0,0,0,0,0,0
184,3,1.1125504604221703,3,506,1,1,0,0,1
80,2,1.6,3,0,0,0,1,0,0
164,2,4.445205701682593,2,226,0,1,1,0,1
40,2,2.3,3,0,0,0,1,0,0
133,1,0.6,1,328,0,0,0,0,0
139,1,4.0,3,106,0,1,1,1,1
217,2,5.275838409236389,3,250,0,1,0,1,1
140,3,3.466035920226836,2,174,1,1,0,1,1
41,4,2.5,2,0,0,0,1,0,0
156,4,7.529106262916651,2,259,1,1,1,1,1
59,4,1.6,1,0,0,0,1,0,0
184,4,4.9636895942501615,2,72,1,1,1,1,1
64,2,2.8,1,0,0,0,0,0,0
63,3,0.8,3,0,1,0,0,0,0
22,1,1.5,3,0,0,0,1,1,0
29,2,1.4,3,0,0,0,1,0,0
89,3,0.5,1,0,0,0,1,0,0
64,2,1.0,3,211,0,0,1,0,0
51,3,1.5,1,0,0,0,0,1,0
10,2,0.7,3,0,0,0,1,1,0
215,2,3.548917394835291,2,74,1,1,1,1,1
98,2,0.4,1,275,0,0,1,0,0
41,1,2.4,2,0,0,0,1,0,0
10,1,0.5,3,81,0,0,1,0,0
143,1,5.091342534298724,3,23,0,1,1,0,1
119,4,4.415585568617965,2,461,0,1,1,1,1
30,4,0.0,2,0,0,0,1,0,0
32,2,0.4,3,0,0,0,1,0,0
170,1,1.0,1,0,0,0,1,0,0
64,4,2.1,3,0,0,0,0,0,0
123,2,5.43105966044179,3,52,0,1,1,1,1
33,3,0.9,3,0,0,0,1,1,0
65,3,0.7,2,104,0,0,1,0,0
63,4,3.6,3,0,0,0,0,0,0
99,3,3.5,3,357,0,0,0,0,1
70,4,2.6,1,218,0,0,1,0,0
64,2,2.3,3,0,0,0,0,0,0
45,4,0.1,1,93,0,0,1,0,0
48,3,0.7,2,0,0,0,1,0,0
131,2,0.7,2,0,0,0,0,1,1
19,1,0.75,3,116,0,0,0,0,0
38,1,1.5,2,136,0,0,1,0,0
32,3,0.2,1,0,1,0,0,1,0
33,1,2.0,2,160,0,0,0,0,0
160,1,4.065239615523153,2,110,0,1,1,0,1
131,3,6.487460971477293,2,33,0,1,0,1,1
59,3,0.9,3,87,0,0,1,1,0
39,2,0.7,2,166,0,0,1,0,0
38,1,1.0,1,0,0,0,1,0,0
25,2,0.0,1,0,0,0,1,1,0
195,1,2.9,1,0,0,0,0,0,0
43,3,0.1,2,163,0,0,1,0,0
34,4,1.3,3,0,0,0,0,0,0
197,2,3.810983856545799,3,338,0,1,0,1,1
139,3,8.183940984055724,2,100,0,1,1,1,1
173,3,3.2440330163131508,3,72,0,1,1,0,1
80,4,2.0,3,0,0,0,1,0,0
13,4,0.2,1,87,0,0,0,0,0
11,1,0.2,1,87,0,0,0,1,0
43,1,1.8,3,0,0,0,0,0,0
136,2,3.632430168108447,3,23,0,1,0,0,1
158,2,6.67,1,132,0,0,1,1,0
187,2,4.317671093723999,2,300,0,1,0,0,1
123,3,5.3324831296448085,3,85,0,1,1,1,1
35,1,0.5,3,0,0,0,1,0,0
162,1,4.834604775908409,3,27,1,1,0,0,1
151,3,5.190019134492901,3,122,0,1,0,0,1
93,1,2.7,2,256,0,0,1,0,0
190,2,8.8,1,0,0,0,0,0,0
92,3,1.6,1,0,0,0,0,0,0
178,2,2.96282240603725,2,43,0,1,1,0,1
98,3,1.2,3,0,1,0,0,1,0
71,4,1.9,3,0,0,0,0,0,0
78,4,2.4,1,118,0,0,1,0,0
65,3,0.5,3,0,0,0,1,0,0
178,3,8.5,1,0,1,1,1,0,1
180,2,4.86092329932561,2,190,1,1,1,0,1
81,4,2.6,3,0,0,0,1,0,0
53,1,0.7,3,0,0,0,1,0,0
95,1,3.8,1,0,0,0,1,1,0
32,3,1.5,1,75,0,0,1,0,0
51,3,1.7,1,0,0,0,1,1,0
141,2,4.33,1,0,0,0,0,0,0
150,1,3.3186261017474585,3,19,0,1,0,1,1
73,4,0.4,1,0,1,0,0,0,0
38,4,1.3,1,0,0,0,1,0,0
65,3,2.67,2,100,0,0,0,0,0
41,1,1.5,2,0,0,1,1,1,0
120,1,0.0,1,135,0,0,0,0,0
72,3,0.7,2,81,0,0,0,0,0
132,1,5.0,1,0,0,0,0,0,0
43,1,1.4,1,0,0,0,1,1,0
138,3,2.8766328294225234,2,417,0,1,1,1,1
55,1,0.2,1,151,0,0,1,0,0
13,3,0.5,1,0,0,0,1,0,0
43,4,1.3,3,0,0,0,1,1,0
34,4,1.5,2,162,0,0,0,1,0
70,3,2.1,1,185,0,0,0,0,0
52,2,2.8,1,0,0,0,1,0,0
164,3,5.741553863894779,2,400,0,0,0,0,1
73,4,3.4,1,140,0,0,1,0,0
29,1,1.0,1,0,0,0,0,0,0
22,3,0.1,2,0,0,1,1,1,0
23,3,1.0,1,95,0,0,0,0,0
95,1,3.9,3,146,0,0,0,1,1
72,4,2.6,1,0,1,1,1,0,0
137,1,6.9316609977964605,2,240,0,1,0,1,1
85,3,2.5,1,0,0,0,1,0,0
75,3,2.1,1,224,0,0,1,0,0
38,1,1.1,3,0,0,0,1,0,0
146,3,6.355823310325028,2,371,0,1,1,1,1
14,4,0.8,1,0,0,0,1,0,0
63,1,3.6,2,0,1,0,1,0,0
148,4,7.0788594034173045,3,123,0,1,1,1,1
122,2,5.433245740457274,2,165,0,1,0,0,1
131,3,2.2,3,0,1,0,0,0,1
21,3,0.4,1,0,0,0,1,0,0
112,3,1.8,2,0,1,1,1,1,0
9,4,0.7,2,0,0,0,1,0,0
123,2,3.1,1,0,0,0,1,0,0
70,3,2.67,2,0,0,0,0,0,0
49,4,1.8,3,0,0,0,1,1,0
180,3,3.3229872126911277,2,31,0,1,1,0,1
31,2,1.4,2,94,0,0,1,1,0
89,2,1.7,2,0,0,0,1,0,0
141,4,3.772361894061505,2,275,1,1,1,0,1
135,3,4.410389065855981,3,121,0,1,0,0,1
18,2,0.4,1,0,1,1,1,1,0
39,3,1.5,1,0,0,0,1,0,0
125,3,7.769727912799874,2,216,0,1,0,0,1
183,2,0.0,1,0,0,0,0,0,0
55,1,1.6,2,0,0,0,1,0,0
171,3,7.997953138448146,2,181,1,1,0,0,1
175,3,3.0407287175302273,2,156,0,1,0,0,1
91,1,2.6,1,0,0,0,1,1,0
153,2,5.556130967605811,2,88,0,1,1,1,1
20,1,0.2,1,131,0,0,1,1,0
73,1,0.8,3,117,0,0,0,0,0
110,2,3.3,1,0,0,0,1,1,0
32,4,0.0,2,0,0,0,1,0,0
178,2,4.53556859594854,2,5,0,1,1,1,1
129,3,4.571813300097917,2,153,0,1,1,0,1
135,2,4.822399828330345,2,168,0,1,0,0,1
150,4,5.0,2,0,0,0,1,0,1
134,3,5.939561940818612,3,54,0,1,0,0,1
52,3,0.8,3,113,0,0,1,0,0
175,4,3.747491580516047,2,117,0,1,1,1,1
79,1,0.2,2,0,0,0,0,0,0
123,2,3.0982334762486565,3,80,0,1,1,0,1
41,1,0.2,1,81,0,0,1,0,0
188,2,5.094054045290642,2,154,0,1,0,0,1
169,2,5.2,3,249,0,0,1,0,1
175,4,6.684921295510149,3,157,0,1,0,0,1
121,1,0.3,1,0,0,0,1,0,0
196,4,5.404631197805044,2,239,0,1,0,0,1
127,2,3.895318789810737,2,65,0,1,0,0,1
134,3,4.157124658026643,2,237,0,1,1,0,1
162,4,6.5421984166040525,3,429,1,0,1,0,1
51,4,1.7,2,103,0,0,1,0,0
137,2,4.28252770806506,3,145,0,1,0,0,1
63,1,1.5,3,0,0,0,0,0,0
150,2,3.914447618459508,2,274,0,1,0,0,1
83,4,0.1,2,0,0,0,0,0,0
186,3,3.9484238263470055,3,103,0,1,1,0,1
172,4,4.4,1,0,0,0,0,0,1
22,1,0.5,3,85,0,0,0,0,0
74,4,2.6,3,104,0,0,1,0,0
83,4,3.6,3,0,0,0,0,1,1
68,3,3.0,1,0,0,0,1,1,0
194,2,4.5,1,0,0,0,0,1,0
34,4,0.4,2,0,0,0,0,1,0
112,4,1.8,3,0,1,0,1,0,0
63,3,3.0,1,0,1,0,1,0,0
114,4,3.4,2,0,0,0,0,1,0
152,2,3.0,1,0,0,0,1,0,0
129,2,3.3,1,0,1,0,0,0,0
61,3,2.7,2,0,0,0,0,1,0
173,4,6.6,1,0,0,1,1,1,1
146,2,3.847503356372495,3,127,1,1,0,0,1
93,1,0.2,2,309,0,0,1,0,0
25,2,0.7,3,0,0,0,1,0,0
101,3,1.2,3,0,1,0,0,1,0
52,4,0.1,3,121,0,0,0,0,0
183,4,9.047954981732463,2,59,0,1,1,0,1
149,3,3.9970901108807255,3,189,0,1,1,1,1
112,2,4.33,1,0,0,0,1,1,0
174,4,5.62362532739282,3,46,0,1,1,1,1
133,3,5.530379592537079,3,396,0,1,1,0,1
74,2,1.1,1,0,0,0,1,0,0
75,3,0.3,3,0,0,0,0,0,0
15,4,0.6,3,0,0,0,0,1,0
121,2,1.1,3,0,1,0,0,0,1
41,2,0.3,1,108,0,0,1,1,0
9,2,0.3,2,0,0,0,0,1,0
50,4,1.67,3,0,0,0,1,0,0
41,1,0.8,1,0,0,0,1,1,0
154,3,5.606139083910211,2,11,0,1,0,0,1
72,1,2.9,1,0,0,0,0,0,0
129,3,3.0300435570795026,3,23,0,1,1,0,1
35,4,0.4,2,118,0,0,0,0,0
213,2,4.267234638071942,3,67,0,1,0,0,1
134,2,3.1,1,0,0,0,0,0,0
108,1,0.9,1,0,1,0,0,0,0
181,3,3.0748038228499137,2,506,1,1,1,0,1
80,4,0.4,1,0,0,0,1,1,0
145,3,7.586589838305397,3,40,0,1,1,0,1
166,2,3.1458642608768277,3,310,0,1,0,1,1
171,3,6.228803166302859,2,428,1,0,0,0,1
127,2,4.612077801131786,2,1,1,1,1,0,1
151,4,4.893549901271227,2,346,1,0,1,0,1
135,2,3.3,1,0,0,0,0,1,0
20,2,0.8,3,117,0,0,1,1,0
23,4,0.2,3,0,0,0,1,0,0
43,4,1.2,2,0,0,0,1,0,0
38,2,0.3,1,0,0,0,0,0,0
120,4,3.6186430630265267,3,61,1,1,1,0,1
139,2,2.9,3,0,0,0,1,0,1
158,4,7.492356918968443,3,304,0,1,1,0,1
30,4,0.3,2,157,0,0,0,0,0
73,3,3.0,1,0,0,0,1,0,0
54,2,1.6,3,0,1,0,0,0,0
81,4,0.2,1,0,0,0,0,0,0
83,2,3.4,3,0,0,0,1,0,1
154,1,7.0,1,0,0,0,0,1,0
91,2,4.5,3,90,0,0,1,0,0
25,4,0.7,3,0,0,0,1,0,0
44,4,0.2,1,0,1,1,1,1,0
138,2,4.646597546330844,3,115,0,1,1,0,1
187,3,8.222888286286345,2,51,0,1,1,0,1
155,3,6.363801108361107,3,6,0,1,1,0,1
172,4,5.973889442660633,2,89,0,1,0,1,1
129,4,7.976368267708173,2,473,1,1,1,0,1
90,2,0.0,1,258,1,1,1,1,0
112,1,0.6,1,0,0,0,0,0,0
28,4,1.5,3,0,0,0,1,1,0
62,4,0.7,1,0,0,0,0,1,0
163,4,3.377167625258092,3,248,0,1,1,1,1
148,1,4.7,1,0,0,0,1,0,0
148,2,3.8293855913461816,2,202,0,1,1,0,1
169,3,5.854700463796947,2,159,0,1,1,0,1
155,2,3.9,1,0,0,0,1,0,0
19,4,0.7,3,121,1,0,0,1,0
34,3,0.2,2,0,0,0,0,0,0
131,1,3.0989038204921115,2,254,0,1,1,1,1
82,4,1.3,3,219,0,0,0,1,0
20,4,1.0,1,116,0,0,0,0,0
29,4,1.9,3,0,0,0,0,0,0
181,1,4.3,1,230,0,0,1,0,0
40,1,2.5,3,0,0,0,1,0,0
99,2,1.4,1,0,0,0,0,1,0
11,1,0.5,3,80,0,0,1,1,0
10,4,0.7,1,0,0,0,0,0,0
108,3,4.4,1,0,0,0,1,0,0
70,4,1.9,1,212,0,0,0,1,0
35,1,1.33,1,131,0,0,0,1,0
71,4,0.2,1,78,1,0,0,0,0
98,1,0.1,3,0,0,0,0,0,0
178,4,4.826108342277963,2,32,0,1,0,0,1
83,1,0.8,2,230,1,0,1,0,0
185,4,4.462646787063664,3,358,0,0,1,1,1
115,1,7.0,1,0,0,0,0,0,0
109,4,1.7,3,0,0,0,1,0,0
125,1,3.5,1,0,0,0,1,1,0
208,2,5.6301070820090775,2,295,0,1,1,0,1
41,3,1.1,2,161,0,0,1,0,0
65,1,0.0,2,0,0,0,1,0,0
135,3,7.260329425875971,3,170,0,1,0,0,1
149,2,3.2425034564433233,3,41,0,1,1,1,1
30,3,0.4,2,0,0,0,0,0,0
146,4,2.2185514906734323,2,425,1,1,1,1,1
41,3,1.5,1,0,0,0,1,1,0
161,3,3.4,1,212,0,0,1,0,1
19,1,0.4,3,0,0,0,1,0,0
90,4,1.8,3,0,1,0,0,0,0
130,3,6.914080305350943,3,93,0,1,1,1,1
104,2,1.8,2,79,0,0,0,0,0
33,3,0.5,2,0,0,0,0,0,0
35,2,0.2,3,0,0,0,1,0,0
128,3,5.53630304543604,3,205,0,1,1,0,1
136,2,4.34636650050843,3,3,0,1,1,0,1
85,2,2.5,1,0,0,0,0,0,0
94,1,4.3,1,76,1,1,1,0,0
195,3,5.903918901725485,2,58,0,1,1,0,1
83,4,0.7,3,315,0,0,1,0,0
131,3,4.993975531144488,2,39,0,1,1,0,1
171,1,9.082757627563382,2,78,1,1,1,1,1
192,2,4.731727983895921,3,164,0,1,1,0,1
164,2,3.3751389700334355,2,227,0,1,1,0,1
163,2,4.907677537210682,2,97,0,1,1,0,1
71,2,1.75,3,108,0,0,0,0,0
85,2,0.4,3,0,0,0,0,0,0
49,4,1.7,2,185,0,0,0,0,0
34,4,0.1,3,157,0,0,1,0,0
30,3,1.0,2,0,0,0,0,0,0
44,4,0.0,2,0,0,0,0,0,0
105,2,2.8,1,336,0,0,0,0,0
82,2,1.6,3,0,0,0,1,1,0
118,4,3.0,3,0,0,0,1,0,1
22,4,0.4,3,0,0,0,1,1,0
24,1,1.3,1,0,0,0,1,1,0
192,3,4.551908872272106,3,200,0,1,1,0,1
118,1,5.7,1,0,0,1,1,1,0
33,2,0.7,2,0,0,0,0,1,0
178,3,4.289671913354218,2,194,0,1,0,1,1
23,3,0.2,1,0,0,0,0,0,0
25,1,0.67,3,0,0,0,1,0,0
42,4,0.8,1,0,0,0,1,1,0
145,4,3.784064707098372,2,51,0,1,0,0,1
135,1,0.6,1,452,0,0,1,0,0
193,2,4.0049245111129625,2,291,0,1,1,0,1
25,4,1.0,1,0,0,0,0,0,0
31,4,1.3,1,0,0,0,0,0,0
164,1,3.7993827454830646,3,76,0,1,1,1,1
149,2,0.4,1,0,0,0,0,0,0
121,2,1.3,1,0,0,0,0,0,0
82,2,1.7,2,0,0,0,1,1,0
164,4,0.5,2,234,0,1,1,1,1
25,4,0.4,3,0,0,0,1,0,0
28,2,0.3,1,148,0,0,0,0,0
65,4,2.6,3,0,0,0,0,1,0
80,1,0.8,2,0,0,0,1,1,0
169,2,4.145219666704569,3,11,1,1,1,1,1
122,4,3.0,1,0,0,0,0,1,1
10,4,0.7,2,81,0,0,0,0,0
173,1,6.0,1,0,0,0,1,0,0
101,4,2.2,2,0,0,0,1,0,0
162,2,4.675125197952742,2,78,1,1,0,1,1
30,3,1.7,2,162,0,0,1,0,0
110,2,6.1,1,182,0,0,1,0,0
62,2,0.8,3,0,0,0,1,0,0
81,4,2.6,3,0,1,0,1,0,0
31,1,1.8,2,0,0,0,1,1,0
122,3,5.210949207929464,3,182,0,1,1,0,1
22,2,0.0,3,0,0,0,0,0,0
58,3,0.7,2,223,0,0,0,0,0
205,2,8.8,1,181,1,0,1,0,0
40,1,0.8,2,128,0,0,1,0,0
126,2,7.048845315928529,3,153,1,1,0,1,1
34,4,0.4,2,0,0,0,1,0,0
114,4,7.430640811018634,3,302,0,1,1,0,1
73,4,3.8,2,0,0,0,1,0,0
179,1,8.6,1,0,0,0,1,0,0
127,3,6.0939015357893815,3,177,0,1,1,1,1
136,3,3.8224394080787794,1,350,0,1,1,0,1
11,1,0.8,2,102,0,0,0,1,0
187,2,4.1493316225130625,2,386,0,1,0,0,1
59,2,1.75,3,0,0,0,1,0,0
54,4,1.6,1,0,0,0,1,1,0
65,1,1.5,3,0,0,0,0,0,0
122,1,7.0,1,0,0,0,1,1,0
18,2,0.3,2,0,0,0,1,0,0
88,4,0.8,1,0,0,0,1,1,0
155,4,3.3029471417452765,3,173,1,1,1,0,1
149,2,5.524292486145476,2,161,0,1,1,1,1
128,1,6.0676988521128665,2,72,0,1,0,0,1
143,4,3.505857839901667,2,288,0,1,1,1,1
38,1,1.3,2,0,0,0,1,0,0
169,3,4.725484939404815,2,21,0,1,1,0,1
64,3,0.5,3,0,0,0,0,0,0
60,3,2.3,1,0,0,0,0,0,0
118,2,0.3,1,0,0,0,1,0,0
45,3,2.0,3,0,0,0,1,0,0
160,2,7.6,1,0,1,0,0,0,0
54,4,1.2,2,129,0,0,1,1,0
150,2,2.0,1,0,0,0,1,0,0
23,2,0.2,3,0,0,0,0,0,0
30,4,0.3,2,0,0,0,1,0,0
11,1,0.1,2,0,0,0,1,1,0
125,4,3.5,2,0,0,0,0,0,1
132,1,0.3,1,0,0,0,1,0,0
144,2,4.798074186180181,2,254,0,1,0,0,1
78,1,1.8,3,0,0,0,0,0,0
142,3,5.5,1,0,0,0,0,0,1
136,3,3.222596324914334,2,2,1,1,0,1,1
187,2,3.686367330695076,2,217,0,1,1,0,1
43,4,1.9,3,0,0,0,1,0,0
61,1,2.2,3,0,0,0,1,1,0
59,3,0.5,2,0,0,0,1,0,0
126,4,4.405694329762636,2,179,0,1,0,1,1
61,4,2.8,2,0,0,0,1,1,0
30,4,1.0,3,0,0,0,1,1,0
160,1,3.822883436054692,2,80,0,1,1,1,1
58,4,1.3,1,0,1,0,0,0,0
54,3,1.1,2,0,0,0,1,0,0
145,1,2.9,1,345,0,0,0,0,0
40,2,1.1,2,0,1,0,0,1,0
78,1,2.6,2,0,0,0,0,0,0
111,2,3.9,1,207,1,1,1,1,0
141,2,7.5747863689982315,3,255,0,1,1,1,1
135,4,4.176279360479209,2,268,0,1,1,1,1
179,3,6.984189963221303,2,108,0,1,1,0,1
139,2,3.4300923516361896,3,81,1,1,1,0,1
156,4,8.341695842536224,3,86,0,1,0,0,1
130,4,6.756367868587729,2,171,0,1,1,1,1
74,4,1.9,3,0,0,0,0,0,0
53,4,2.3,3,174,0,0,1,0,0
137,2,4.651924846715497,3,288,1,1,0,1,1
50,3,1.0,2,0,0,0,1,1,0
40,1,2.0,2,110,0,0,0,1,0
145,1,3.5,1,0,0,0,0,1,0
59,1,1.6,1,231,0,0,1,0,0
134,1,4.6,1,164,1,0,1,0,0
92,1,3.0,3,158,0,0,0,1,0
141,2,4.5,2,0,0,0,0,0,1
65,1,2.4,1,0,0,0,1,0,0
19,4,0.7,3,0,0,0,0,0,0
22,1,0.1,1,0,0,0,0,0,0
44,4,1.8,1,0,0,0,1,1,0
147,2,3.991898749508609,2,194,0,1,0,0,1
153,2,2.8,2,0,1,1,1,0,1
33,3,1.5,1,0,0,0,1,1,0
131,2,2.7,1,0,1,0,0,0,0
88,1,4.7,1,0,0,0,0,0,0
20,2,0.3,3,0,0,0,1,0,0
141,3,4.750568792217201,3,176,0,1,1,0,1
38,3,0.5,2,0,0,0,0,0,0
153,1,2.6,2,0,1,1,0,1,1
180,2,6.5,2,0,1,1,1,1,1
32,1,0.75,3,105,0,0,1,0,0
160,2,4.005555926709522,2,189,1,1,0,0,1
152,2,3.9,1,159,0,0,0,1,0
145,1,0.3,1,140,0,0,1,0,0
187,3,5.216398102961527,2,18,0,1,0,0,1
39,4,0.7,2,0,0,0,1,0,0
11,2,0.3,1,96,0,0,1,0,0
144,2,6.1,1,158,0,0,0,0,0
128,2,4.288192308161497,3,278,0,1,0,1,1
38,3,2.5,2,135,0,0,0,0,0
129,1,7.4,1,0,0,0,0,0,0
38,4,1.9,3,0,0,0,1,0,0
142,3,8.919247186899678,3,239,0,1,1,0,1
185,3,4.031202995473614,3,259,0,1,1,0,1
140,3,3.569900522428221,3,284,0,1,1,0,1
151,2,6.837940452275525,2,73,0,1,1,0,1
101,2,2.8,1,0,0,0,0,0,0
124,3,5.381144031156602,2,228,0,1,1,0,1
165,2,5.389898619045143,3,50,1,1,0,1,1
157,4,3.2240188219797403,2,216,0,1,1,0,1
55,1,0.7,3,135,0,0,1,0,0
88,1,2.7,1,0,0,0,1,0,0
90,1,2.8,2,0,0,0,1,0,0
129,2,5.299052702797208,3,179,0,1,1,0,1
108,3,1.2,3,0,0,0,1,1,0
69,3,1.4,3,132,0,0,1,0,0
140,3,4.758037184279042,2,316,0,1,1,0,1
32,3,0.5,2,0,0,0,1,0,0
171,2,1.4,1,284,0,0,1,1,0
146,3,6.7994679288457585,2,372,0,1,0,0,1
130,3,2.9,2,0,0,0,0,0,1
135,4,5.153576297760463,3,23,1,1,1,0,1
8,2,0.3,1,0,0,0,1,1,0
196,2,3.5845105474095837,2,70,0,1,1,1,1
49,4,1.67,3,0,0,0,1,0,0
188,2,3.7,2,259,0,0,1,0,1
110,3,1.8,2,109,0,0,1,0,0
34,4,0.3,1,104,1,0,1,0,0
44,3,1.0,2,135,0,0,1,0,0
193,3,3.399466047679496,3,46,0,1,0,1,1
190,4,1.3,2,197,0,0,1,0,1
45,1,1.8,2,0,0,0,1,0,0
50,4,1.3,2,0,0,0,0,1,0
194,4,0.2,3,211,1,1,1,1,1
153,3,3.276476578006206,3,124,0,1,1,1,1
202,3,3.2308471405082804,3,195,0,1,0,1,1
85,1,2.6,2,0,0,0,1,0,0
89,4,1.4,2,0,0,0,0,0,0
174,3,2.0570996101957424,3,311,0,1,1,0,1
79,1,4.0,3,225,0,0,1,0,0
119,1,5.316908973168763,3,374,0,1,1,1,1
136,3,6.936493434541053,3,172,0,1,0,1,1
59,3,2.67,2,0,0,0,0,0,0
169,1,3.3748762716893124,2,47,0,1,1,1,1
62,1,1.2,1,260,0,0,1,0,0
148,3,3.1970480984503054,3,224,0,1,1,0,1
25,4,0.6,3,125,0,0,0,0,0
135,4,2.864762455997094,2,307,0,1,0,1,1
84,2,1.6,1,0,0,0,1,0,0
161,4,1.9002044483306155,3,513,0,1,1,1,1
131,2,4.33,1,156,0,0,1,1,0
43,4,0.2,1,0,0,0,0,0,0
58,1,0.2,1,177,0,0,1,0,0
45,1,1.0,3,0,0,0,1,0,0
124,2,3.520322365941149,2,317,0,1,0,1,1
100,3,1.2,3,341,0,0,1,1,0
155,3,4.786301414628031,3,8,0,1,1,1,1
133,1,5.0,1,0,0,0,0,0,0
147,2,5.7313009928244005,2,156,0,1,0,0,1
24,1,1.5,2,0,0,0,0,0,0
13,4,0.8,1,111,0,0,1,0,0
69,1,1.5,3,78,0,0,1,0,0
63,2,1.5,1,0,0,0,1,0,0
20,1,0.3,1,0,0,0,0,0,0
158,2,4.847064099644202,2,210,0,1,0,1,1
68,4,4.0,3,0,0,0,1,0,0
115,2,1.5,3,189,0,0,1,0,0
29,4,1.1,3,0,0,0,1,0,0
166,2,5.6365710705031535,2,333,0,1,1,1,1
21,2,1.4,3,125,0,0,1,0,0
152,2,6.5,1,0,0,0,0,0,0
161,2,5.36766281240927,2,49,1,1,0,0,1
101,1,2.7,2,233,0,0,0,0,0
29,1,1.5,2,97,0,0,1,0,0
80,4,2.2,2,0,1,0,1,0,0
155,1,5.211435658278597,2,120,0,1,0,0,1
29,4,1.5,3,79,0,0,1,0,0
60,2,2.8,1,0,0,0,1,0,0
131,3,5.605220920209397,3,358,0,1,1,0,1
134,2,4.333142662651636,2,183,0,1,1,1,1
150,3,3.717486663939455,2,40,0,1,0,0,1
170,2,2.1,2,0,0,0,0,0,1
98,2,0.4,1,0,0,0,1,0,0
134,2,4.728668893675446,2,195,0,1,1,1,1
30,1,1.4,3,112,1,0,0,0,0
13,4,0.4,1,0,0,0,0,1,0
147,3,4.313508219384805,3,129,0,1,1,0,1
178,4,3.9728596274061285,3,108,0,1,1,0,1
145,2,0.5,1,119,0,0,1,0,0
64,4,2.6,1,0,0,0,1,1,0
42,4,1.9,3,0,0,0,1,0,0
53,1,0.3,1,213,0,0,0,0,0
45,4,0.9,2,0,0,0,0,1,0
158,4,3.810454276196641,2,2,0,1,1,0,1
98,2,2.5,1,361,1,1,1,1,0
183,4,5.791800064304299,2,299,1,1,0,0,1
181,4,4.644682592841353,3,185,0,1,1,1,1
81,1,2.5,1,0,0,0,1,0,0
90,4,1.1,2,0,1,0,1,0,0
22,2,0.4,1,0,0,0,1,0,0
169,4,3.6060514421963217,2,52,1,1,1,0,1
39,1,2.2,3,0,0,0,1,1,0
143,3,7.240373450122267,3,38,0,1,0,0,1
78,3,2.0,2,0,0,0,1,0,0
78,1,2.8,3,0,0,0,0,0,0
85,4,4.0,3,0,0,0,1,0,0
154,3,4.507479122636712,2,77,0,1,1,1,1
128,3,5.507596449084132,3,22,0,1,0,0,1
49,2,1.67,2,214,0,0,0,0,0
150,2,4.060118480229616,2,134,0,1,1,1,1
154,3,4.9318658106026465,3,127,1,1,1,0,1
152,2,4.444689544959457,2,164,0,1,0,0,1
146,1,3.8288988704934495,2,121,0,1,1,0,1
49,4,1.5,1,214,1,1,1,1,0
62,3,0.7,2,0,0,0,0,1,0
125,3,6.5673791540174316,2,207,0,1,1,0,1
44,3,1.0,2,0,0,0,1,0,0
30,4,1.3,1,118,0,0,1,1,0
171,4,4.342209484049539,2,8,0,1,1,0,1
45,1,1.8,3,0,0,0,1,0,0
42,4,1.3,3,153,0,0,1,0,0
50,1,1.5,1,0,0,0,1,0,0
63,2,1.5,2,0,1,0,1,0,0
148,2,7.5,1,0,0,1,1,1,0
122,2,4.663220184850716,3,208,0,1,0,1,1
161,3,5.011520692401634,2,485,0,1,0,0,1
166,2,6.496526211106301,3,95,0,1,1,0,1
160,2,2.1,1,0,0,0,1,1,0
51,3,2.0,1,130,0,0,0,0,0
172,3,4.799073887992904,2,20,0,1,1,1,1
162,3,7.1445505433140735,3,20,1,1,0,1,1
101,4,2.3,3,256,0,0,0,1,0
32,1,1.0,1,0,1,1,1,1,0
48,2,1.75,3,89,0,0,1,0,0
78,1,2.6,2,0,0,0,1,0,0
173,4,4.350757071451295,2,85,0,1,1,1,1
81,1,2.8,1,0,0,0,0,0,0
164,2,4.0,3,301,0,0,1,0,1
58,2,3.2,3,0,0,0,0,0,0
206,3,4.283837287595809,2,328,0,1,1,0,1
140,1,7.0,1,205,0,0,1,0,0
139,2,0.8,2,421,0,0,1,0,1
196,3,2.9897467725073983,2,13,0,1,0,0,1
33,1,1.4,3,0,0,0,1,0,0
68,1,3.7,3,0,0,0,1,0,0
145,1,6.441239408162869,2,2,0,1,1,0,1
168,2,1.3,3,0,0,0,0,0,1
41,3,0.5,3,0,0,0,0,1,0
29,2,1.3,1,0,0,0,0,0,0
81,4,2.2,2,116,0,0,1,0,0
183,1,1.0,1,442,0,0,0,0,0
44,4,2.5,1,0,0,0,0,1,0
141,2,7.6,1,92,0,0,0,0,0
123,2,5.0360000247423695,2,275,0,1,1,1,1
12,3,0.3,3,0,0,0,0,0,0
83,2,2.5,1,148,1,0,1,0,0
39,2,0.7,3,0,0,0,1,1,0
136,2,4.443124007509435,2,161,0,1,1,1,1
194,3,5.789515353701661,3,134,0,1,1,0,1
72,1,2.8,1,271,0,0,1,0,0
13,4,0.7,1,0,0,0,1,0,0
171,3,4.401259915857972,1,508,0,1,1,0,1
45,1,0.2,1,98,0,0,0,0,0
112,4,1.7,3,0,0,0,0,1,0
142,3,4.518348472302343,2,61,0,1,0,0,1
92,4,1.4,2,0,0,0,1,0,0
118,1,1.3,1,333,0,1,1,1,0
142,1,7.680148376666776,2,29,0,1,1,1,1
208,3,4.644306408324804,2,146,1,1,1,0,1
83,4,0.4,1,141,0,0,0,0,0
140,2,4.648316791933198,2,26,0,1,0,0,1
154,3,3.077617604147917,2,336,0,1,0,1,1
170,4,4.25,1,318,0,1,1,1,1
217,4,5.519734104440089,3,333,0,1,0,0,1
52,4,0.1,3,0,0,0,0,0,0
150,4,4.253121732904341,3,348,0,1,1,1,1
131,3,0.5,3,0,0,0,0,0,1
138,2,0.0,1,0,1,0,1,0,0
122,4,0.2,2,0,0,1,1,0,1
49,4,2.8,2,0,1,0,0,0,0
75,1,1.4,3,0,0,0,1,0,0
164,2,7.8,1,0,0,0,1,0,0
129,4,3.9524057119146607,3,153,0,1,0,0,1
41,4,1.8,1,0,0,0,0,0,0
147,4,3.4645181670452576,3,302,0,1,1,0,1
42,4,2.5,1,0,1,0,0,0,0
49,1,1.4,1,99,0,0,1,1,0
205,2,7.3350911442179045,2,162,0,1,0,0,1
125,3,4.850058633642998,3,26,0,1,1,0,1
18,4,1.5,3,0,0,0,0,0,0
11,2,1.0,1,0,0,0,0,1,0
63,3,0.5,3,221,0,0,1,0,0
18,2,0.3,2,0,0,0,1,0,0
130,2,2.6,3,0,0,0,0,0,1
174,4,4.139234585871469,2,139,0,1,0,0,1
35,1,0.2,1,171,0,0,0,0,0
49,4,2.1,3,0,0,0,0,0,0
94,2,1.9,1,0,0,0,1,0,0
78,4,1.6,2,0,0,0,1,1,0
71,2,1.7,1,0,0,0,1,1,0
9,2,0.2,1,0,0,0,0,0,0
82,3,2.67,2,0,0,0,0,0,0
145,4,4.273875644010428,2,457,0,1,1,0,1
19,3,0.5,1,0,0,0,1,0,0
181,1,8.1,1,0,0,0,1,0,0
158,2,2.3,2,0,0,1,1,1,1
92,2,0.0,1,249,0,0,1,1,0
50,4,1.7,1,189,0,0,1,0,0
121,2,3.3,1,0,0,0,1,0,0
133,4,2.943997242132135,2,291,0,1,1,0,1
168,3,7.0481349562695215,2,145,0,1,1,1,1
91,2,0.0,3,146,0,0,0,0,0
147,3,3.7070468928303932,2,527,0,1,1,1,1
74,3,2.0,2,0,1,0,0,0,0
189,3,7.605894966705367,3,20,0,1,1,0,1
166,2,3.78357532562329,2,114,0,1,0,1,1
222,4,4.394499642114463,3,25,0,1,0,0,1
25,4,0.9,2,111,0,0,1,0,0
153,2,5.2934714571823385,2,64,0,1,1,0,1
151,4,6.820963014440214,2,178,1,1,0,0,1
25,3,1.0,1,0,0,0,1,0,0
168,2,7.848799955539622,2,241,1,1,1,0,1
33,2,0.3,1,101,0,0,1,0,0
59,4,0.2,3,0,0,0,0,0,0
12,4,1.0,1,0,1,0,0,1,0
141,3,4.0,2,0,0,0,0,0,1
15,1,0.1,2,0,0,0,1,0,0
145,3,6.654103301733233,2,39,1,1,0,1,1
20,3,0.5,1,102,0,0,1,1,0
65,4,0.2,1,0,1,0,0,0,0
102,4,2.2,2,0,0,0,1,0,0
69,4,4.0,3,102,0,0,1,0,0
152,3,3.914524483246574,3,283,0,1,0,1,1
116,3,4.299431660603449,2,304,0,1,0,0,1
33,1,0.3,3,0,0,1,1,1,0
137,3,3.5433778289305784,1,341,1,1,1,1,1
85,2,0.4,1,0,1,0,0,0,0
135,3,4.014167540399537,2,93,0,1,1,1,1
167,3,4.040261133411192,2,288,1,1,1,0,1
53,4,1.9,1,187,0,0,0,0,0
184,1,6.0,1,0,0,0,1,0,0
83,4,3.4,1,0,1,0,1,0,0
80,4,1.8,2,0,0,0,0,0,0
83,1,1.0,3,0,0,0,0,0,0
165,2,6.7049326130054245,3,115,0,1,0,0,1
140,3,5.575668178840343,3,106,0,1,1,0,1
149,4,7.2438934630577725,3,122,0,1,0,0,1
22,3,1.5,1,0,0,0,1,1,0
150,3,5.161173822185582,3,3,1,1,1,0,1
156,1,3.200667484925182,2,261,0,1,1,0,1
54,4,0.6,2,230,0,0,0,0,0
189,2,8.553216685220974,2,27,0,1,1,0,1
120,2,0.6,1,0,0,0,1,0,0
134,2,4.20464382063047,2,16,0,1,1,0,1
156,2,5.946650904945803,2,216,0,1,1,0,1
69,3,0.3,3,0,0,0,1,0,0
188,3,1.3,1,184,0,0,0,1,1
64,1,1.2,1,0,0,0,1,0,0
166,1,5.539503033045313,3,340,0,1,1,1,1
85,1,1.9,1,0,0,0,1,1,0
68,2,2.3,3,128,1,0,1,0,0
166,3,6.4516961006705085,2,202,0,1,1,0,1
166,4,5.757270687046981,3,13,0,1,0,1,1
181,2,2.3,2,0,0,1,1,1,1
79,3,1.7,2,150,0,0,1,1,0
149,3,2.0746203447848286,2,295,0,1,0,1,1
28,2,0.3,2,88,0,0,1,0,0
173,4,2.7,1,427,0,0,1,0,1
129,2,3.150078027519632,2,183,0,1,0,0,1
92,2,3.1,1,178,0,0,1,0,0
125,3,0.6,1,342,0,1,1,1,1
73,4,2.6,1,0,0,0,1,0,0
45,3,1.5,1,181,1,1,1,1,0
172,1,4.843318709060318,2,59,1,1,0,0,1
143,2,6.4,3,0,1,1,1,0,1
49,4,1.7,2,104,0,0,1,0,0
134,1,0.0,1,0,0,0,1,1,0
33,1,2.0,2,0,0,0,1,0,0
9,2,0.3,3,0,0,0,1,0,0
133,1,3.8,1,0,0,0,1,0,0
28,4,1.5,3,0,0,0,0,1,0
59,1,1.5,3,0,0,0,0,1,0
205,1,6.33,1,271,0,0,0,1,0
145,1,3.1716915514896296,3,68,0,1,1,1,1
121,2,3.3,1,0,0,0,0,1,0
65,4,2.2,1,0,0,0,1,0,0
152,4,3.786298806491711,2,31,0,1,0,1,1
50,4,1.7,2,0,0,0,1,0,0
39,4,1.7,1,0,0,0,1,0,0
20,3,0.5,1,0,0,0,0,0,0
40,3,0.5,2,0,1,0,1,0,0
60,1,0.0,2,0,0,0,1,1,0
122,1,0.3,1,0,0,0,1,0,0
168,3,6.406868440249747,2,528,0,0,1,0,1
131,3,5.7540504989631485,2,220,0,1,1,1,1
69,4,0.1,2,0,0,0,1,0,0
167,3,4.914403174765481,3,624,0,0,1,0,1
35,3,1.0,1,0,1,0,1,0,0
21,4,0.7,3,0,1,0,1,0,0
12,2,0.2,1,0,0,0,0,0,0
20,1,0.2,1,0,0,0,1,1,0
12,4,0.5,2,0,0,0,0,0,0
41,3,2.0,1,108,0,0,1,0,0
143,2,6.617104803498683,2,265,0,1,0,1,1
169,3,3.2029871572809725,3,223,1,1,1,0,1
72,2,1.5,2,0,0,0,1,0,0
41,1,1.0,1,0,0,0,0,0,0
180,3,6.207551724207564,3,336,0,0,0,0,1
81,2,0.0,3,0,0,0,1,0,0
136,4,2.632893574587213,2,380,0,1,0,0,1
174,1,6.8,2,466,0,0,1,0,1
174,2,5.983876955573613,2,187,0,1,0,1,1
142,4,7.023528808189133,1,344,0,1,1,0,1
24,4,0.2,1,138,0,0,1,0,0
168,2,7.9,2,0,0,0,1,0,1
18,4,0.2,3,0,1,0,0,0,0
185,1,3.6,2,0,0,0,0,0,1
114,1,2.5,3,0,0,0,1,0,1
40,1,0.3,1,0,0,0,1,0,0
8,4,0.2,3,81,0,0,0,1,0
146,1,5.204747287570535,2,166,0,1,1,0,1
71,3,0.3,3,0,0,0,0,1,0
53,2,2.4,2,0,0,0,1,0,0
90,2,3.3,1,0,0,0,1,1,0
206,2,3.9565686864311633,3,130,1,1,0,1,1
113,4,2.4,3,0,0,0,1,0,0
40,2,2.3,3,0,1,0,1,0,0
12,2,0.2,1,76,0,0,1,1,0
39,2,0.3,1,174,0,0,1,0,0
81,4,0.8,1,228,0,0,0,1,0
143,4,4.548972929014352,2,174,0,1,0,1,1
61,3,2.2,3,0,0,0,1,1,0
171,2,6.131633517442945,2,67,0,1,0,0,1
43,1,1.9,2,0,0,0,1,0,0
129,2,5.431060463603103,3,34,0,1,0,0,1
131,2,5.97983005997612,2,221,0,1,0,1,1
21,4,0.4,1,90,0,0,1,0,0
190,3,1.6443790627793702,3,484,1,1,1,1,1
110,2,5.4,3,204,1,1,1,0,1
116,3,4.487440655329043,3,328,0,1,0,0,1
74,3,0.7,1,0,0,0,1,0,0
123,2,6.533716725994247,2,2,0,1,1,0,1
40,4,0.4,1,0,0,0,0,0,0
143,4,4.770515810199625,2,10,0,1,1,0,1
114,1,0.8,3,0,0,0,1,1,0
167,1,5.545973305486461,3,222,0,1,0,1,1
182,2,7.6,1,0,0,0,0,0,0
148,2,3.3,1,0,0,1,1,1,0
75,3,0.3,3,0,0,0,0,0,0
38,3,0.6,2,0,0,0,1,0,0
125,4,2.8087767005504665,2,344,0,1,1,0,1
40,2,2.2,3,107,0,0,1,0,0
114,1,4.9,1,0,0,0,0,0,0
88,1,2.6,2,0,1,0,0,1,0
42,3,0.5,2,116,0,0,1,0,0
24,1,0.5,3,0,0,0,1,1,0
89,2,2.7,1,0,0,0,0,0,0
123,3,1.3,1,0,0,0,1,0,1
199,2,6.67,1,0,0,0,1,0,0
166,2,3.9293828102997694,2,245,0,1,0,1,1
69,2,1.7,3,0,0,0,1,0,0
58,4,2.0,3,223,0,0,1,0,0
144,2,5.01884670675641,2,208,0,1,0,0,1
53,3,0.5,2,0,0,0,1,0,0
103,2,2.8,1,0,1,1,1,0,0
176,3,7.114473118294977,3,63,0,1,1,1,1
64,3,2.3,1,0,0,1,1,1,0
62,1,1.0,1,0,0,0,1,0,0
70,1,1.2,1,169,0,0,0,0,0
38,4,0.6,2,0,0,0,1,0,0
11,4,0.3,1,0,1,1,1,1,0
110,1,3.4,1,0,0,0,0,1,0
58,2,0.4,3,0,1,0,0,1,0
28,4,0.3,1,96,0,0,1,0,0
65,1,1.5,2,0,1,0,1,0,0
141,1,2.4,1,0,0,0,0,0,0
19,3,1.5,1,94,0,0,1,1,0
135,3,3.0778600963847635,3,211,0,1,1,1,1
185,1,4.715137625111487,3,11,0,1,1,0,1
62,1,1.8,3,231,0,0,1,0,0
38,2,0.7,1,91,0,0,1,0,0
138,1,4.67,2,0,0,0,1,0,1
141,4,6.251678147892022,2,318,0,1,0,0,1
79,2,3.8,3,0,0,0,1,0,0
54,4,0.6,2,0,0,0,1,0,0
175,2,6.7,1,102,0,0,1,0,0
135,4,3.8,2,0,0,1,1,1,1
180,2,3.5385626424929613,3,213,0,1,1,0,1
101,3,2.5,1,270,0,0,0,0,0
20,3,0.1,3,0,0,0,0,1,0
163,3,3.084037232590328,2,245,0,1,1,0,1
78,3,0.5,1,0,0,0,1,1,0
22,2,0.4,1,89,0,0,1,0,0
81,2,4.5,3,187,0,1,1,1,0
22,3,0.5,1,0,1,1,1,1,0
172,4,4.041086350987705,2,115,0,1,0,0,1
196,3,5.1047744871501415,3,76,0,1,1,1,1
50,4,1.8,3,0,1,0,0,0,0
118,1,3.3,2,0,0,0,1,0,1
159,4,5.881626317501353,2,97,0,1,0,1,1
35,3,1.3,1,116,0,0,0,1,0
156,1,5.4810708766814695,3,298,0,1,0,1,1
206,2,3.4298178920117164,2,39,0,1,0,0,1
201,1,6.33,1,158,0,0,1,0,0
52,4,1.8,3,0,0,0,1,0,0
25,3,0.2,2,0,0,0,1,0,0
62,1,0.7,3,170,0,1,1,1,0
9,2,0.3,2,99,1,0,0,0,0
145,2,6.293199873193336,2,51,0,1,1,0,1
80,3,0.5,1,0,0,0,1,1,0
25,1,0.1,2,136,0,0,1,0,0
135,2,5.2,2,0,0,0,1,0,1
31,1,0.3,1,0,0,0,0,0,0
81,3,1.6,1,0,0,0,1,1,0
51,3,2.2,1,0,0,0,1,1,0
33,2,0.4,3,0,0,0,0,0,0
168,3,5.59467844626601,3,489,0,0,1,0,1
85,2,2.5,1,293,1,1,1,1,0
50,2,1.75,3,0,0,0,0,1,0
135,4,3.6896772413702013,3,85,0,1,0,1,1
83,4,1.8,3,0,0,0,1,0,0
129,3,6.129753846503887,3,8,0,1,1,0,1
23,1,0.3,3,0,0,0,1,0,0
